Difficulty,Question,OptionA,OptionB,OptionC,OptionD,Answer
1,"What does ROI stand for in business?","Return on Investment","Rate of Interest","Revenue on Inventory","Return on Innovation",A
1,"Which of the following is an example of ecommerce?","Online shopping","Brick-and-mortar store","Farmers market","Garage sale",A
1,"What is the primary goal of most businesses?","To maximize profits","To reduce costs","To innovate","To improve customer satisfaction",A
1,"Which business structure provides limited liability for its owners?","Sole proprietorship","Partnership","Limited Liability Company (LLC)","Cooperative",C
1,"What does 'B2C' stand for in ecommerce?","Business to Consumer","Business to Company","Buyer to Customer","Brand to Consumer",A
1,"Which is a common online payment method?","Cash","Credit Card","Barter","Check",B
1,"What term describes buying and selling goods electronically?","Ecommerce","Telecom","Retail","Digital transactions",A
1,"Which website is an example of a successful ecommerce platform?","Amazon","Google","Facebook","Twitter",A
1,"What does SEO stand for?","Search Engine Optimization","Sales Enhancement Operation","Secure Electronic Order","Service Execution Office",A
1,"What is a key benefit of ecommerce for businesses?","Lower operational costs","Higher overhead","Limited customer reach","Increased physical stores",A
1,"Which of the following is a digital marketing channel?","Email marketing","Billboard advertising","Print advertising","Radio advertising",A
1,"What does PPC stand for in online advertising?","Pay Per Click","Price Per Customer","Pay Per Conversion","Product Price Comparison",A
1,"Which of the following is a popular ecommerce payment gateway?","PayPal","Microsoft","Apple","IBM",A
1,"What is the main purpose of a business plan?","To outline business goals and strategies","To list employee names","To document daily sales","To advertise products",A
1,"What is 'drop shipping' in ecommerce?","Selling products without holding inventory","Shipping goods directly to the manufacturer","A type of warehousing","A method of bulk shipping",A
1,"Which best describes a startup?","A newly established business","A multinational corporation","A non-profit organization","A government agency",A
1,"What is meant by market segmentation?","Dividing a market into distinct groups","Combining different markets","Eliminating competition","Increasing product prices",A
1,"What is brand equity?","The value of a brand based on consumer perception","The number of products sold","A company's physical assets","The cost of advertising",A
1,"Which metric measures website performance?","Traffic","Stock price","Employee turnover","Rental cost",A
1,"What is the purpose of a SWOT analysis?","To assess Strengths, Weaknesses, Opportunities, and Threats","To calculate revenue","To forecast sales","To design a product",A
1,"Which is a common ecommerce revenue model?","Subscription","Rental","Donation","Crowdfunding",A
1,"What term describes the percentage of website visitors who make a purchase?","Conversion rate","Bounce rate","Click-through rate","Engagement rate",A
1,"What does CRM stand for?","Customer Relationship Management","Customer Resource Management","Consumer Relationship Model","Client Revenue Module",A
1,"Which of the following is an example of a B2B ecommerce model?","Alibaba","eBay","Amazon","Etsy",A
1,"What is the term for optimizing a website to rank higher in search engine results?","SEO","SEM","SMO","SMM",A
1,"Which metric indicates the average value of a customer's purchase?","Average Order Value (AOV)","Customer Lifetime Value (CLV)","Cost Per Click (CPC)","Return on Investment (ROI)",A
1,"What does PPC advertising rely on?","Paying for each click","Paying for impressions","Paying for conversions","Paying for ad space",A
1,"Which of the following is a benefit of cloud computing for ecommerce?","Scalability","Inflexibility","Higher costs","Limited access",A
1,"Which is a key component of an effective digital marketing strategy?","Content marketing","Telemarketing","Cold calling","Direct mail",A
1,"Which term refers to attracting customers through valuable online content?","Inbound marketing","Outbound marketing","Traditional marketing","Guerrilla marketing",A
1,"What does CMS stand for in website management?","Content Management System","Customer Management Service","Content Marketing Strategy","Customer Messaging Software",A
1,"Which best describes a 'landing page'?","A standalone webpage for a specific campaign","A homepage","A blog post","An about us page",A
1,"What is affiliate marketing?","Earning commissions by promoting other companies' products","Selling your own products","Direct advertising","Social media posting",A
1,"Which is an example of mobile commerce?","Shopping via a smartphone app","Buying in a physical store","Mail-order catalogs","Telephone orders",A
1,"What is the main objective of A/B testing in ecommerce?","To compare two webpage versions to see which performs better","To test website speed","To determine product quality","To analyze customer reviews",A
1,"Which term describes the percentage of visitors who leave a site without interacting?","Bounce rate","Conversion rate","Exit rate","Engagement rate",A
1,"What does ROI measure?","Return on Investment","Rate of Increase","Revenue Over Income","Return on Innovation",A
1,"Which is a major advantage of ecommerce over traditional retail?","Global reach","Limited product selection","Higher costs","Physical store requirements",A
1,"What does 'omnichannel' refer to?","A seamless customer experience across multiple channels","A single marketing channel","Offline-only sales","Retail store exclusivity",A
1,"Which metric best measures email marketing success?","Open rate","Bounce rate","Click rate","All of the above",D
1,"Which of the following best defines ecommerce?","Buying and selling goods and services online","Selling products in a physical store","Mail order business","Direct sales over the phone",A
1,"What is the detailed breakdown of customer acquisition costs called?","Customer Acquisition Cost (CAC)","Lifetime Value (LTV)","Gross Margin","Net Profit",A
1,"Which platform is widely used for building online stores?","Shopify","WordPress","Joomla","Drupal",A
1,"What does scalability mean in a business context?","Ability to grow and manage increased demand","Maintaining a fixed size","Increasing costs","Reducing product quality",A
1,"Which best describes a freemium business model?","Offering a free basic service with paid premium features","Selling only premium products","Giving away all products for free","Charging a subscription fee without a free option",A
1,"What is the role of a value proposition?","To explain why a customer should choose a product or service","To list product features","To detail company history","To outline employee benefits",A
1,"Which term describes a company's unique identity and promise?","Brand","Logo","Slogan","Tagline",A
1,"What is the primary function of supply chain management?","Coordinating the flow of goods from production to delivery","Designing products","Handling customer service","Managing company finances",A
1,"Which is a common method for customer engagement online?","Social media marketing","Telemarketing","Print ads","Cold calling",A
1,"What does KPI stand for?","Key Performance Indicator","Knowledge Performance Index","Key Product Initiative","Kinetic Performance Indicator",A
2,"Which best describes a business model?","A plan for generating revenue and profit","A marketing strategy","A product design","A financial report",A
2,"What is conversion rate optimization (CRO) in ecommerce?","Improving the percentage of visitors who take a desired action","Increasing website traffic","Reducing product prices","Enhancing customer support",A
2,"Which financial statement shows a company's revenues and expenses?","Income Statement","Balance Sheet","Cash Flow Statement","Statement of Shareholders' Equity",A
2,"What does EBITDA stand for?","Earnings Before Interest, Taxes, Depreciation, and Amortization","Earnings Before Investment, Taxes, Dividends, and Assets","Earnings Before Interest, Tax, Debt, and Amortization","Earnings Before Income, Taxes, Depreciation, and Assets",A
2,"Which metric is a key indicator of ecommerce website success?","Cart abandonment rate","Employee satisfaction","Office size","Local store traffic",A
2,"What is A/B testing used for in digital marketing?","Comparing two versions of a webpage to see which performs better","Determining the best product price","Comparing two different business models","Testing website loading speed",A
2,"Which term refers to a detailed analysis of competitors in a market?","Competitive analysis","SWOT analysis","Break-even analysis","Market segmentation",A
2,"What is the purpose of a unique selling proposition (USP)?","To differentiate a product from its competitors","To increase production","To manage finances","To hire more staff",A
2,"Which of the following is a benefit of using analytics in ecommerce?","Informed decision-making","Increased product defects","Reduced website functionality","Higher operational costs",A
2,"What is the main focus of inbound marketing?","Attracting customers through valuable content","Cold calling","Direct mail advertising","Telemarketing",A
2,"Which term describes a market with many sellers offering similar products?","Perfect competition","Monopoly","Oligopoly","Monopolistic competition",A
2,"What does CRM software help businesses manage?","Customer interactions and relationships","Employee payroll","Inventory management","Website hosting",A
2,"Which metric measures average revenue per user?","ARPU","CPC","CTR","ROI",A
2,"What term refers to a brief, attention-grabbing message in advertising?","Slogan","Mission statement","Business plan","Annual report",A
2,"Which digital marketing channel is known for high engagement rates?","Social media","Print advertising","Television","Radio",A
2,"What is customer lifetime value (CLV)?","Total revenue expected from a customer over their relationship","Cost to acquire a customer","Number of repeat purchases","Profit margin per sale",A
2,"Which term refers to the ease of navigating a website?","User experience (UX)","Conversion rate","Bounce rate","Page load time",A
2,"What does omnichannel retailing imply?","Integrating various shopping channels for a seamless experience","Focusing on a single sales channel","Using only online marketing","Reducing customer touchpoints",A
2,"Which is a strategic advantage in ecommerce?","Personalization","Random pricing","Standardized products","Limited customer service",A
2,"What does digital transformation refer to?","Integrating digital technology into all business aspects","Increasing manual processes","Removing technology from business","Focusing solely on offline operations",A
2,"Which best describes agile methodology in business?","An iterative approach to project management and product development","A rigid, step-by-step process","A financial forecasting method","A type of marketing strategy",A
2,"What is a key component of a successful ecommerce website?","Responsive design","Static pages","High bounce rate","Slow loading speed",A
2,"Which is an example of content marketing?","Publishing blog posts and videos","Television commercials","Billboard ads","Cold calling",A
2,"What does the conversion funnel describe?","The process through which potential customers become buyers","The product manufacturing process","Employee career progression","The supply chain process",A
2,"Which metric measures the number of visitors who leave without interacting?","Bounce rate","Conversion rate","Engagement rate","Click-through rate",A
2,"What is the significance of big data in ecommerce?","It helps analyze customer behavior and trends","It increases website downtime","It reduces data accuracy","It is only used for storing emails",A
2,"Which element is critical in an online marketing strategy?","Search engine optimization (SEO)","Offline advertising","Word of mouth only","Physical store events",A
2,"What does inventory turnover measure?","How often inventory is sold and replaced over a period","Number of employees in a warehouse","Total revenue generated","Cost of goods sold",A
2,"Which term describes dividing a market into distinct groups of buyers?","Market segmentation","Market saturation","Market consolidation","Market domination",A
2,"What is ecommerce analytics used for?","Analyzing online sales and customer behavior","Printing invoices","Packaging products","Shipping orders",A
2,"Which pricing strategy involves setting a low price to quickly gain market share?","Penetration pricing","Skimming pricing","Premium pricing","Economy pricing",A
2,"What does conversion rate measure in ecommerce?","Percentage of visitors who complete a desired action","Total number of visitors","Average time spent on site","Number of page views",A
2,"Which term refers to the customization of online content based on user data?","Personalization","Segmentation","Diversification","Standardization",A
2,"What is affiliate marketing primarily based on?","Commission-based referrals","Direct sales","Sponsorship deals","Subscription fees",A
2,"Which metric indicates the total value of all sales over a specific period?","Gross Merchandise Volume (GMV)","Net profit","ROI","Customer Lifetime Value (CLV)",A
2,"Which best describes a content management system (CMS)?","Software used to create, manage, and modify digital content","An ecommerce platform","A payment processing tool","A customer relationship tool",A
2,"What is the focus of influencer marketing?","Leveraging influential individuals to promote products","Direct product sales","Website development","Inventory management",A
2,"Which is an example of a subscription-based revenue model?","Monthly software service","One-time product purchase","Pay-per-click advertising","Commission on sales",A
2,"What does B2B stand for in ecommerce?","Business to Business","Business to Buyer","Brand to Business","Buyer to Buyer",A
2,"Which digital payment method is popular for its security features?","Credit card","Cryptocurrency","Cash","Check",B
3,"Which strategy focuses on long-term customer relationships and value creation?","Customer Relationship Management (CRM)","Cost-cutting measures","Short-term sales promotions","Aggressive pricing",A
3,"What is an omnichannel strategy in ecommerce?","Integrating multiple channels to create a unified experience","Focusing on a single sales channel","Using offline advertising only","Limiting customer interactions",A
3,"Which financial ratio measures a company's ability to pay its short-term obligations?","Current ratio","Debt-to-equity ratio","Return on equity","Gross margin",A
3,"What does a blue ocean strategy refer to?","Creating uncontested market space","Competing in a saturated market","Focusing on cost leadership","Improving operational efficiency",A
3,"Which concept refers to continuous improvement of products and services?","Kaizen","Six Sigma","Lean manufacturing","Total Quality Management",A
3,"What does customer churn rate indicate?","The percentage of customers who stop doing business with a company","The rate of new customer acquisition","Average revenue per user","Number of customer complaints",A
3,"Which pricing model is characterized by high initial cost and low recurring fees?","Freemium","Subscription","One-time payment","Pay-as-you-go",C
3,"What is a key characteristic of a disruptive business model?","It challenges established market leaders","It follows traditional practices","It relies on high capital investment","It focuses solely on luxury markets",A
3,"Which metric is crucial for evaluating a digital marketing campaign?","Return on Ad Spend (ROAS)","Employee turnover","Office space utilization","Physical store footfall",A
